,0,1,2,3,4,5,6,7,8,9,10,11,12,13,14,15,16,17,18,19,20,21,22,23,24,25,26,27,28,29,30,31,32,33,34,35,36,37,38,39,40,41,42,43,44,45,46,47,48,49,50,51,52,53,54,55,56,57,58,59,60,61,62,63,64,65,66,67,68,69,70,71,72,73,74,75,76,77,78,79,80,81,82,83,84,85,86,87,88,89,90,91,92,93,94,95,96,97,98,99,100,101,102,103,104,105,106,107,108,109,110,111,112,113,114,115,116,117,118,119,120,121,122,123,124,125,126,127,128,129,130,131,132,133,134,135,136,137,138,139,140,141,142,143,144,145,146,147,148,149,150,151,152,153,154,155,156,157,158,159,160,161,162,163,164,165,166,167,168,169,170,171,172,173,174,175,176,177,178,179,180,181,182,183,184,185,186,187,188,189,190,191,192,193,194,195,196,197,198,199,200
etranger_,0.00871463092359,0.015133532543,0.0148873611287,0.0123866578124,0.0182553318092,0.0126021439608,0.013382333873,0.0137251650896,0.0139406977309,0.0107946926851,0.0151422519763,0.0166966841293,0.0187976524528,0.0148217467302,0.0127920913941,0.0165175015367,0.0116892208162,0.0136571091881,0.0130106802056,0.0138115938615,0.0213318331998,0.0123858606364,0.00770687409061,0.0145675673822,0.0155264422702,0.0109768844142,0.0111888293994,0.0149902258948,0.00934833868884,0.0175959368246,0.0140965986948,0.0118521308437,0.00824662629631,0.00828268791377,0.0144056428335,0.00874249136263,0.0176737638085,0.0114558645584,0.0110992112102,0.0159475248722,0.0111988762422,0.0134532515137,0.012116595631,0.0135599436648,0.0109047217366,0.0169760246428,0.0218945660628,0.014323346953,0.0114329855047,0.011378929977,0.017744086632,0.00729627965454,0.0129547217484,0.0138464886438,0.0121800489814,0.0182260921513,0.0128597933858,0.0165154573013,0.0130451568977,0.0132432124239,0.00864798232493,0.00783187090656,0.0158383820976,0.0144103047497,0.0158943161453,0.0149038937445,0.00807632634365,0.015112558412,0.010787872257,0.0144782356851,0.0117836453731,0.012150963042,0.0143294637302,0.00774397179871,0.0106309644425,0.0133727517264,0.0188674498485,0.0126060579827,0.0167476255731,0.00934223169994,0.0110687979558,0.0110066544078,0.00903682491015,0.0179989052028,0.00786178099272,0.0122056478102,0.0208881262624,0.0188475460977,0.0109942144974,0.0149370988621,0.0120099428549,0.0152144455384,0.0130063369467,0.0125218708711,0.0176693154071,0.0124990237493,0.0148852982698,0.0114579993236,0.0132472372815,0.0151028467811,0.0118342374363,0.0125164141131,0.0110381040317,0.0147177220593,0.0120021590642,0.0143763978209,0.0102472458963,0.00971968848778,0.0144221594886,0.0147202105238,0.0115283334785,0.00850709517839,0.00987176553976,0.0174491388996,0.0101430857784,0.0134699584526,0.0147654403093,0.0118299099831,0.012946511036,0.0178353714338,0.016815627778,0.0116934309815,0.0162533343225,0.0118094926711,0.0129946394742,0.0119724733365,0.00859885563995,0.0153458705037,0.0103242121787,0.00801128200507,0.0164561871963,0.0147478512678,0.0103001681976,0.00950935121684,0.0142410809867,0.0126506094356,0.0157308693467,0.0159891938185,0.0165199549179,0.0112883827144,0.0131119748785,0.0143363704219,0.0127928257656,0.0148408322952,0.0151402929627,0.0174483930779,0.011151067007,0.0123505340617,0.0111739304027,0.00914301173859,0.0142976652341,0.0113193476308,0.0169433895317,0.0173685881927,0.00634297723133,0.0143211580111,0.0149034950505,0.0129558826875,0.0216420170748,0.0126416381056,0.011339557407,0.0183519886039,0.0118338677283,0.0129997198235,0.0127775510987,0.0116160745159,0.0110925892993,0.0138876946791,0.00909284319517,0.0191225856935,0.0139063336386,0.0092931123448,0.0120288474888,0.0145875445843,0.0192492638316,0.0161520532442,0.00564523057877,0.0113663699424,0.0210275853397,0.0129393795435,0.013579900557,0.0173405535946,0.0160528378443,0.0147155075813,0.0140371268052,0.0135493976711,0.0155729192094,0.0142193719595,0.0142860162603,0.0159901459324,0.0151304432865,0.00923316393904,0.0111709582007,0.0140497325434,0.0123296660322,0.0125896528141,0.00853982873923,0.0107571150235,0.0133041727225,0.018116257619,0.0186022771146
age15_,0.0159200750527,0.0162935862879,0.0176404921698,0.0161990387506,0.015609046307,0.0178714648016,0.0184016705755,0.00843780584468,0.0174148367478,0.0179037689757,0.0100512174041,0.0152426190211,0.0163350377862,0.0161651094518,0.0165051665713,0.0149934770522,0.0152705468064,0.0164359983482,0.010663267726,0.0141047391043,0.0161279057836,0.0132417140907,0.0162894636079,0.0151983796188,0.0166433219755,0.0149871076318,0.0187151633671,0.0140218441334,0.014847993579,0.0140343063164,0.00889572370153,0.0114323890508,0.0164231210826,0.0168861953926,0.0182976827464,0.0122853656216,0.0135486073489,0.0146240087612,0.0169686501323,0.0145365638526,0.00821958531836,0.0162334189759,0.0104869029544,0.0163122679257,0.0166012593504,0.0157344709402,0.0162605824082,0.013258769148,0.0156907099407,0.0140862445912,0.015121919806,0.0108365799834,0.0170044336382,0.0168628993084,0.0133943179539,0.00956257723483,0.0157938069001,0.011515106244,0.01516351713,0.0118477956938,0.0091773982121,0.0164308494874,0.0113898954633,0.0164848834663,0.0155807735599,0.0180926139997,0.0149971905154,0.0166088915263,0.0163245387808,0.0163619046638,0.0161710584689,0.0161138671735,0.0118916948607,0.0146066370573,0.0183969568782,0.0111201511383,0.0168434291643,0.0133285110096,0.0126873080871,0.0186346184565,0.0115590396172,0.0128105388907,0.00933812099667,0.0112267621481,0.00958697390722,0.0116959163242,0.0148396618074,0.0103521979531,0.0152404775685,0.0137443440643,0.00973813964735,0.016105702018,0.0176370182896,0.0177248973259,0.0110851124881,0.0157241570639,0.0160575085637,0.0159590090052,0.0144634151744,0.0113808647023,0.00985424406282,0.0164829944744,0.016210397189,0.0162231809796,0.0181432664913,0.0120568323927,0.0134319086547,0.00868798055917,0.0160396350713,0.0104954377282,0.0134748278513,0.017706090742,0.0108356240953,0.0171187071001,0.0141167896383,0.0142918959311,0.0167208530091,0.0181145682334,0.0114367141027,0.0176299969825,0.0123924234295,0.010639714172,0.015906327886,0.0166216328379,0.0166301001374,0.0163688706584,0.0108462733319,0.0162764742956,0.0134330300187,0.0159557913661,0.0137789197536,0.0102835617541,0.0157879870793,0.016523172769,0.0171423754085,0.0170642959385,0.0138616341574,0.0177499264115,0.0134918228896,0.0121029458845,0.0123196073683,0.0145525712208,0.0166452746111,0.0167249891121,0.0119353915214,0.00933141541218,0.0150053510661,0.0170823735066,0.0164676081382,0.0166720840753,0.0165169694686,0.0120002201223,0.0132107543633,0.0110012304222,0.0150182821407,0.0172827107929,0.0158440318623,0.011533494638,0.0179991977066,0.0143572160856,0.016186571688,0.0164019476751,0.0115860856557,0.0173539136051,0.013333088643,0.0116012948408,0.0125461870245,0.0167183649719,0.0128148743132,0.0167937228152,0.0162537463107,0.0102245356176,0.0161313768341,0.0136744801167,0.016188727552,0.0159536842226,0.010056412065,0.0125874750907,0.0147702822513,0.0104511224087,0.0118607528931,0.0111713330538,0.0167809151029,0.0103282689157,0.0169300770549,0.0157775246905,0.0132716249767,0.0114911559202,0.016866561144,0.0106633371842,0.0107603710584,0.0113674701619,0.0113106287715,0.0126252280395,0.0107012529372,0.00976573210634,0.0166461101704,0.0154553507857,0.00855405634646,0.0160736848402,0.0131326903124
age30_,-0.0130961708879,-0.0115654822703,-0.0109224992959,-0.013923885586,-0.013463692338,-0.0137986786464,-0.0120657126733,-0.0131315926084,-0.0114328332459,-0.0152268039578,-0.0128110627708,-0.0135583790259,-0.0125512110494,-0.0102217966925,-0.0131213489121,-0.01254345339,-0.0131243607946,-0.0120189318316,-0.0182691763158,-0.0137213569888,-0.0124654317322,-0.0122544986714,-0.0140513188076,-0.0165458109548,-0.0137122967798,-0.0161792347557,-0.0135979955615,-0.0136527440198,-0.0138134182643,-0.012018934066,-0.0119797826329,-0.0117153090033,-0.0163007003716,-0.0121547834472,-0.0123441071463,-0.0132633330188,-0.0154106555585,-0.0149084292637,-0.0165427811595,-0.0128884385622,-0.0141508289938,-0.0135898184251,-0.0144235174648,-0.0165628613911,-0.0151660455796,-0.0149265641973,-0.00835025667643,-0.0128259599211,-0.0120268800629,-0.0105838784454,-0.014460277205,-0.0142129528957,-0.0125960249085,-0.0117594170889,-0.0112633651418,-0.0129449717983,-0.0110596037947,-0.0137095410672,-0.0133442737083,-0.013105383757,-0.0151747887324,-0.011167975883,-0.014748264677,-0.0142612034513,-0.0169516269212,-0.0146298079258,-0.0132249881673,-0.0100520872539,-0.012011515275,-0.0143676642873,-0.0121781347479,-0.0157927934628,-0.0123559110208,-0.0129841901236,-0.0105756921216,-0.0117019031418,-0.0101160634011,-0.010555921447,-0.0140856038161,-0.0175184671857,-0.0168241328671,-0.00949489772184,-0.0138316503296,-0.010545640613,-0.0139503748674,-0.0164939633153,-0.0136936788539,-0.0121394487272,-0.0137556203222,-0.0154700885569,-0.0129299211815,-0.0146175215351,-0.0131465549807,-0.0138633378886,-0.0124265122782,-0.0166158428435,-0.0101492642528,-0.0118948252613,-0.0131594939096,-0.0128503315351,-0.0117188834145,-0.0183915607877,-0.0115364932132,-0.0123589733211,-0.0144916242649,-0.0140284935166,-0.0125724535563,-0.010626082671,-0.0141190740227,-0.0141141600346,-0.0170812945666,-0.0119464066178,-0.0109915175409,-0.00891862746203,-0.0145827577218,-0.0121386414621,-0.0122344927899,-0.0135352288156,-0.0133031553098,-0.0148262739825,-0.0115828249887,-0.0181715353911,-0.0133998946104,-0.013493838288,-0.0146733516462,-0.00974673026005,-0.0145467877456,-0.0120945616036,-0.0138664383061,-0.0149882711191,-0.0148236985025,-0.0115153707385,-0.0125411574707,-0.0132785095372,-0.009740286793,-0.0150246880742,-0.0137131473354,-0.0136931475493,-0.0138150355333,-0.0125539189851,-0.0126756865538,-0.0136248232196,-0.0129160628929,-0.0119987106685,-0.0142830530266,-0.0127607098866,-0.0107734510119,-0.0119740428231,-0.0126259155623,-0.0135797296293,-0.0094011590675,-0.0125472388531,-0.0130571740036,-0.0113401412083,-0.0138521935587,-0.01324469145,-0.0121429900651,-0.0102870577959,-0.0117656479427,-0.0149092078901,-0.012471987885,-0.0111443340035,-0.0141069668284,-0.0119094859189,-0.0148492806336,-0.0107366622217,-0.0149425790908,-0.015391953158,-0.0109918164442,-0.0168923789165,-0.0127291911734,-0.0139569255965,-0.013598703312,-0.0131652028084,-0.0134320452316,-0.0142831485118,-0.014813504464,-0.0142131056835,-0.013540767429,-0.00839974765959,-0.0146185893116,-0.0130267653529,-0.0125657303882,-0.0131616132378,-0.012574976397,-0.0121768852586,-0.0106598963954,-0.0159147647817,-0.0111840070156,-0.011497941561,-0.0144831504301,-0.0131929922925,-0.010946374429,-0.012145935636,-0.0118706583876,-0.0153581335002,-0.015909371535,-0.0149005772939,-0.0161767004721,-0.0120964718445,-0.0120808467267
age40_,-0.0203459332827,-0.0200003073478,-0.0215632292907,-0.0208205463612,-0.0202340501687,-0.0203949755567,-0.020133695065,-0.0201852305672,-0.0198854869332,-0.0202912632721,-0.0203259060944,-0.021083128316,-0.0198898369441,-0.0197925407371,-0.0212169412373,-0.0201956522732,-0.0200031687259,-0.0210712166178,-0.0188649717047,-0.0204626959388,-0.0201579543529,-0.0207891878436,-0.0210259892044,-0.0199694794215,-0.0207076833193,-0.0198919700698,-0.018736357452,-0.0194588333506,-0.0205218333637,-0.0204987769562,-0.0198586133143,-0.0204871938814,-0.0204129368138,-0.0199942456722,-0.0220006541182,-0.0203985769248,-0.0206780592678,-0.0199102237706,-0.0203702877651,-0.0195804005751,-0.0194049625188,-0.0215837863301,-0.0195668085607,-0.0203885461,-0.0206088570633,-0.0205876967122,-0.0210604189437,-0.0185690048763,-0.0199001519361,-0.0194502417615,-0.019973429212,-0.0192274196014,-0.0203775370041,-0.0200264595868,-0.0196403723249,-0.0206722809402,-0.0210017172505,-0.0202936784129,-0.0197824221413,-0.0195956673236,-0.019547807496,-0.0202091126093,-0.0199027728511,-0.0188892735194,-0.0201807591887,-0.0194726760079,-0.0200964081196,-0.021141240793,-0.0202493800675,-0.0196417093538,-0.0203362181162,-0.0207762683934,-0.0203791629565,-0.0209278507918,-0.0199936155011,-0.0203906450521,-0.01984593851,-0.0201460225228,-0.0196661932915,-0.0207082568459,-0.0207998563678,-0.0207909729462,-0.0200958463063,-0.0200154799096,-0.0199711054661,-0.0188490954081,-0.019351647726,-0.021078441144,-0.0194995677316,-0.0210550770243,-0.0200063076142,-0.0205667122742,-0.0201772426108,-0.0206461758747,-0.0201387620298,-0.0203340944192,-0.0195962901542,-0.0207743455682,-0.0199217131969,-0.0200727281337,-0.0214730686863,-0.0203037946531,-0.0198273646823,-0.0197581184261,-0.02045114294,-0.0184876803512,-0.0193531646682,-0.0208363138948,-0.0205511254767,-0.0198590459508,-0.0200888730979,-0.0205055393629,-0.0197191650419,-0.0204303790903,-0.0191433846921,-0.0203088786036,-0.0201433441526,-0.0204856429029,-0.0204408107573,-0.0211362085055,-0.0198515736202,-0.0205091575536,-0.0205437676853,-0.0205188233514,-0.0194075324169,-0.0200784357077,-0.0204439512097,-0.0189701230669,-0.020076986625,-0.0200163878554,-0.0203171976596,-0.0202913611784,-0.0209276957488,-0.019786077111,-0.0210480069423,-0.0205962679914,-0.020566911425,-0.0195739928335,-0.0189333936491,-0.0207645590391,-0.020029810972,-0.0203173762731,-0.0206461643346,-0.0214170895282,-0.0197092765764,-0.0196726141374,-0.0205262896954,-0.0205831923117,-0.0199262391187,-0.0199133934411,-0.0211589979214,-0.0206451261805,-0.0202218115978,-0.020764971569,-0.0215683914541,-0.0199681150401,-0.0205481343748,-0.0208402688349,-0.0198797699878,-0.0208662832744,-0.0199073280214,-0.0205141935531,-0.0191533986737,-0.019935725084,-0.0197959231625,-0.0202774827916,-0.0201370553103,-0.0204274816117,-0.020948698538,-0.0214682763404,-0.0199303787435,-0.0210053609594,-0.018970143498,-0.0203174813368,-0.0204073426757,-0.0213986982286,-0.0204127996054,-0.0195170434144,-0.0200372008906,-0.0191647306723,-0.0204685317638,-0.020882390267,-0.0209158427515,-0.0196915430345,-0.0198567194694,-0.0203547117405,-0.0200617564202,-0.0207677518015,-0.0218875900574,-0.0210228133786,-0.020077887456,-0.0206182627362,-0.0192443130721,-0.0202880652863,-0.0198719648815,-0.0211779084162,-0.0203479519413,-0.0203644757996,-0.0198710099919,-0.0204963044536,-0.0207493483149
dip10_,-0.0332358547445,-0.0355059234211,-0.0347513375153,-0.0341548297496,-0.0310214358806,-0.0333833393311,-0.0323645909434,-0.034358537205,-0.0320448645568,-0.0362077476047,-0.0331567124935,-0.0308044964219,-0.0334338076746,-0.0313519188705,-0.0319104714399,-0.0349949373965,-0.0329269360655,-0.0338231617971,-0.0297816227619,-0.0337333256016,-0.0368138734174,-0.0318706631746,-0.0316068875139,-0.0322004604264,-0.0348543496594,-0.0346049967685,-0.0315490978149,-0.0343954623133,-0.033754175891,-0.0331649458441,-0.0382864857401,-0.0325608525196,-0.0328249822983,-0.0353018611337,-0.034646903697,-0.0351374817477,-0.0366220703466,-0.0324715752304,-0.0333712920396,-0.0357368294814,-0.0314505990099,-0.0353709644626,-0.0324185911129,-0.0341359225322,-0.0327845392328,-0.0352246370076,-0.0376679044738,-0.0342760171667,-0.0346565528864,-0.0325122016935,-0.0368661460191,-0.0364489972845,-0.0325208643914,-0.0376210094226,-0.032650680307,-0.0312242345697,-0.0331345700044,-0.0359730874209,-0.0312268613015,-0.0337839006228,-0.0326435456441,-0.0352864357484,-0.0368313135647,-0.0320535335001,-0.0340276663465,-0.0313160534139,-0.0356387204762,-0.0310623658658,-0.0384938107995,-0.0349502089521,-0.0342918086819,-0.0367935544317,-0.0360871044588,-0.0349065852659,-0.0359888925439,-0.0332474595002,-0.0348559223863,-0.0354152507492,-0.0341452217177,-0.0357770301152,-0.0403489344196,-0.0316042579397,-0.0407682625233,-0.0327682722289,-0.0321454134867,-0.0310867654576,-0.0314467032729,-0.0318038743008,-0.0337824814087,-0.0368367679959,-0.0306129196721,-0.0347604153713,-0.0311296513642,-0.0344700972839,-0.0354912421261,-0.0352884418902,-0.0355716153834,-0.0382982740509,-0.0334427515481,-0.0314700184911,-0.0324292237366,-0.0354341292005,-0.0354486345053,-0.0345231485061,-0.0329967466028,-0.03118451563,-0.0321500181684,-0.0361173556952,-0.0318942003365,-0.032201150819,-0.0346802552797,-0.0347302006627,-0.034719232416,-0.0321028857516,-0.0333815004456,-0.033089221231,-0.0338346266119,-0.0347097015216,-0.0337302830761,-0.0353910445901,-0.0325755784723,-0.0321007153756,-0.031781941043,-0.0327011038589,-0.0335740000511,-0.0312917579951,-0.0320051716934,-0.0361439738361,-0.0335682805224,-0.0361702503327,-0.0373749056147,-0.0359649612275,-0.0371053978201,-0.0365684419314,-0.0360327765416,-0.0345766909681,-0.0357066214025,-0.0345511785313,-0.0323301880438,-0.033257879424,-0.0369666644462,-0.0342831568014,-0.035788070841,-0.0327807585675,-0.03405756894,-0.0349768540253,-0.0323915002959,-0.031208418692,-0.0334179096581,-0.0309148805374,-0.0347348972776,-0.0337745007581,-0.0340967700655,-0.0351670370656,-0.0344697764653,-0.0356944495854,-0.0320710224902,-0.0342204291396,-0.0325653319583,-0.0368814511434,-0.0341400685996,-0.0365423149422,-0.0320773944714,-0.038985907445,-0.0373588319682,-0.0361537590515,-0.0363954283371,-0.0342461842547,-0.0329404627326,-0.0320290257341,-0.035678350193,-0.0356519654727,-0.0333063102775,-0.0326001218982,-0.0363791851035,-0.0336089949585,-0.0356513084254,-0.0351488412242,-0.0372925160198,-0.0357300854773,-0.0340890801766,-0.0341019449233,-0.0333963092247,-0.0333268584153,-0.034001163903,-0.0329773290418,-0.0360062238812,-0.0325659528747,-0.0334292586065,-0.0369289749125,-0.0356268159095,-0.0315157652741,-0.0331071979188,-0.033583752938,-0.0331132385107,-0.0349959630772,-0.0324756913039,-0.0345193154039,-0.0354794626758,-0.0327750128691,-0.0351392086428
dip11_,-0.0758845352813,-0.0880182205987,-0.0785281836014,-0.0767336638902,-0.0823397150954,-0.0762592298635,-0.0796379485055,-0.0752140561781,-0.0884681064846,-0.0730745689013,-0.0758093260753,-0.0793889676046,-0.0758774635528,-0.0864364048652,-0.0767568557466,-0.0770943085907,-0.0770470172498,-0.0815463527567,-0.0753984660206,-0.0773004026703,-0.0735192870099,-0.0798592418296,-0.0742730143155,-0.0757620080938,-0.0770974404571,-0.0724444293319,-0.0717665141564,-0.0747048830203,-0.0781765385338,-0.0768755766535,-0.0792596733955,-0.0829816421891,-0.0766077391924,-0.0727791632282,-0.0799630719277,-0.0900840735089,-0.0821036310667,-0.0788462101033,-0.0748971108933,-0.0714033003642,-0.0817731500955,-0.0751720899736,-0.081318419985,-0.0759160086242,-0.0755412377258,-0.0804580568127,-0.0793463502046,-0.081421721897,-0.0775888277945,-0.0791135637753,-0.0741088572765,-0.0879719321849,-0.0782049991565,-0.0775354045499,-0.0782447546821,-0.086523722167,-0.0765872396003,-0.0764748723671,-0.0709788232763,-0.0772986446578,-0.0771936731228,-0.0750382855147,-0.0853391838191,-0.074789110079,-0.080447960302,-0.0830156951628,-0.080017826474,-0.0784392623801,-0.0804532641872,-0.0787272791264,-0.0782044448147,-0.0741850379888,-0.0827397338655,-0.0829844143154,-0.0809792180803,-0.0768842305662,-0.0810021434235,-0.0844598748309,-0.072449877152,-0.0804811895198,-0.0818857937543,-0.0764872285603,-0.0809767612121,-0.0804529770403,-0.0856432696559,-0.0781555837356,-0.0731761212164,-0.0788684642051,-0.0750569304156,-0.0784390547898,-0.0852752615017,-0.0859453780501,-0.0802940844332,-0.0708012952761,-0.084361078382,-0.0766538704615,-0.0793615242195,-0.0734114223857,-0.0757111903037,-0.0737344454498,-0.0850767993856,-0.0737487522426,-0.0769902123922,-0.0734711830417,-0.0848485653845,-0.0768579852608,-0.0749276492613,-0.0781582412878,-0.0709121747067,-0.0872960086321,-0.0770529112245,-0.0869586145577,-0.0811289257867,-0.0754734717298,-0.0787707794474,-0.0816488882026,-0.076867927094,-0.0777207333407,-0.0773026340522,-0.079084757518,-0.073384490612,-0.0790811572084,-0.0706304044985,-0.0827222146571,-0.0772842328835,-0.0838648638164,-0.0779040719431,-0.0807340385464,-0.0708265764315,-0.0755346660441,-0.0830348457907,-0.0895897770676,-0.0784152904433,-0.0716006834379,-0.0744648273247,-0.0826259947576,-0.0767187461985,-0.0800872839755,-0.0855570614097,-0.0796070314614,-0.078790163235,-0.0798381419281,-0.0718713986191,-0.0904006559099,-0.0847685438854,-0.0729745569555,-0.0733622043033,-0.077387470511,-0.0735381162941,-0.0842693796188,-0.076142477149,-0.0793058318618,-0.0820249634652,-0.0853519534443,-0.0835380771328,-0.0798271797794,-0.0751127367177,-0.0770703959586,-0.0749008078941,-0.0752028415155,-0.0771124421079,-0.0739993580253,-0.0781375675879,-0.0746139440822,-0.0822753784037,-0.079482793473,-0.0818651772495,-0.081640877728,-0.0895456161824,-0.0753234667,-0.0817810794677,-0.0828982777963,-0.0713860357869,-0.0763225565026,-0.0739740170669,-0.079579813868,-0.0780964799073,-0.0840321748357,-0.0748147671306,-0.0760478512462,-0.0803825182066,-0.0793825593868,-0.0760240100492,-0.0740288122585,-0.0842372481149,-0.0881555611031,-0.0842849844296,-0.0809766325585,-0.0785925937192,-0.0764525550115,-0.0804842647143,-0.0863614573509,-0.0741996570775,-0.0865554858988,-0.0832754325296,-0.0799984484149,-0.0812228622905,-0.0792031447019,-0.0750378169774,-0.0730583894668,-0.0789886699105
dip30_,-0.0486261885766,-0.0361791447544,-0.0529309175245,-0.0517310507504,-0.0570990977338,-0.0253363160259,-0.0455686653002,-0.0486667240072,-0.0493319925456,-0.0430234983215,-0.0384952139789,-0.0549946618795,-0.0462827352812,-0.0559130020825,-0.0446582381111,-0.0605114422991,-0.0461399107422,-0.0429989515459,-0.0326125589045,-0.0547367462076,-0.042775407495,-0.0380598400189,-0.0555878040278,-0.0616090541518,-0.0643511052075,-0.0530517408465,-0.0229140586397,-0.0507859226836,-0.0497039449572,-0.0526090766824,-0.0483351815649,-0.0569876894819,-0.042097802753,-0.0414825175123,-0.0462260067902,-0.0445294273522,-0.0354061759438,-0.0426484942613,-0.0420441635356,-0.0728949492523,-0.0632455969819,-0.0599698812832,-0.064148309778,-0.0385011511767,-0.0394538081876,-0.0478572813692,-0.0551815636939,-0.0380674859112,-0.0494599268451,-0.0557375155025,-0.0547693104945,-0.0506756831728,-0.0540204272613,-0.0509749023141,-0.0542622777932,-0.0348425746236,-0.0634298616456,-0.0646194389685,-0.06330887253,-0.0546564457573,-0.0548061073207,-0.0454054085127,-0.0378828089615,-0.0550174837408,-0.0626568308348,-0.0328877937158,-0.0474128434016,-0.0576328306289,-0.0533874687605,-0.0560551862832,-0.0447713146773,-0.0465885465082,-0.0608465478572,-0.0438592150224,-0.0449847286981,-0.0489860820674,-0.0449042692708,-0.049585840765,-0.0520506787101,-0.0509204452916,-0.0628051631608,-0.0504943387457,-0.0482776470161,-0.0472519491608,-0.0403224057934,-0.0563778815128,-0.0594024378911,-0.037847879577,-0.0616404877042,-0.0561138398442,-0.0649513737857,-0.0554199728162,-0.0437720237681,-0.0403195059804,-0.0543196465654,-0.0519074885392,-0.0630600476895,-0.0464776546686,-0.0461458834298,-0.0610778299121,-0.0618195979492,-0.0475806972203,-0.0538118741346,-0.0461817421281,-0.0270389212233,-0.058201064672,-0.0567457928113,-0.0492034580093,-0.0504430449284,-0.0419718602222,-0.0641313948573,-0.0617162734568,-0.0618423457793,-0.039537425624,-0.0439468889855,-0.0407677597945,-0.0505187863396,-0.0390905142485,-0.0500645786628,-0.0401927838859,-0.0544096404088,-0.0567990089374,-0.0484358265287,-0.0542315092192,-0.0598239974643,-0.0527030247718,-0.0474883835539,-0.0446380098773,-0.0472652459587,-0.0578986002859,-0.0438625854128,-0.0644826640261,-0.0472510694999,-0.0486257317757,-0.0433882241805,-0.0563288419209,-0.0534222577366,-0.0346143512907,-0.0362199422491,-0.0399207686275,-0.0451529124892,-0.0587313695265,-0.0490972069442,-0.0585785318778,-0.0538985620877,-0.0387474567587,-0.0446250005048,-0.0639027967011,-0.0507054606096,-0.050040454273,-0.0493832488325,-0.0601874952611,-0.0530814132058,-0.0394583704417,-0.062592885753,-0.0445967717069,-0.058135688938,-0.0532965581725,-0.0413429951117,-0.0583740945362,-0.0503923714715,-0.0582739682541,-0.04849499037,-0.0438886292314,-0.0523600351393,-0.0382951346215,-0.0488871881757,-0.0497259506869,-0.0524002076355,-0.049702673848,-0.028637386595,-0.0518637630485,-0.0525068152732,-0.0556193484086,-0.0447325002261,-0.0613743863247,-0.0527771294518,-0.0597679900266,-0.0434144055693,-0.0544166819744,-0.0605620846636,-0.049406764272,-0.0438296203803,-0.0604605000376,-0.0426408183282,-0.0508622430358,-0.0355179829876,-0.0507389144905,-0.0520902618478,-0.0461880035145,-0.0574873671187,-0.0650395874256,-0.0575987994356,-0.0496862997933,-0.059495721866,-0.0532240308262,-0.0655265984358,-0.048700899826,-0.0558674870197,-0.047907076335,-0.0575646025327
dip31_,-0.0205370784749,-0.0212316805225,-0.0220581530362,-0.0223092903348,-0.0195118548173,-0.0236078475072,-0.023438889682,-0.0215487219676,-0.0195888739598,-0.024993077222,-0.0186380790802,-0.0199767176699,-0.0226394264554,-0.0210608729886,-0.0229328587362,-0.0216178328883,-0.0216644902505,-0.0201924084928,-0.0217400413907,-0.0217534843437,-0.0268946057075,-0.0287602242878,-0.0233063205059,-0.0245516187326,-0.0260205203714,-0.0272142922736,-0.0244258513848,-0.0222678965279,-0.025170286215,-0.0199732835198,-0.0200071423697,-0.0232071183109,-0.026782941536,-0.0224978394531,-0.0195985372554,-0.0241571732953,-0.0223227926963,-0.0246674698556,-0.0245341787676,-0.0194331851557,-0.0262663222739,-0.0196868138768,-0.0231458131839,-0.0211270115938,-0.0282225067563,-0.0169101381946,-0.0209371682143,-0.0198209118318,-0.0261332115711,-0.023457960672,-0.0225022531094,-0.021314016453,-0.0238635628261,-0.0220614001757,-0.0197359096164,-0.0207068711503,-0.0215352625526,-0.0220670464095,-0.0258457552841,-0.0230738266158,-0.023746615666,-0.025518531844,-0.0213990983011,-0.0173070520351,-0.0239722968136,-0.0228706907309,-0.0218819040408,-0.0256010345461,-0.0200422155696,-0.0239197885132,-0.0239210565784,-0.0182396296748,-0.0211628403164,-0.0240796149031,-0.0242302255814,-0.020990080077,-0.0221082471547,-0.0247554626418,-0.0224778348885,-0.0240196683412,-0.0178064056377,-0.0215413664939,-0.0247889486863,-0.0202504064213,-0.0228875522518,-0.024654927192,-0.0233002391703,-0.0261646673884,-0.0218257827488,-0.0240108368815,-0.0252801393381,-0.0226733806195,-0.0285777304707,-0.0198705008161,-0.0206915570644,-0.0217438069202,-0.0263414106307,-0.0199077259987,-0.0194243119133,-0.0212496107214,-0.0244919733788,-0.022711978756,-0.0222794109319,-0.0224153876794,-0.0244774701979,-0.0264670611943,-0.0189520579556,-0.0211382130616,-0.0190395813284,-0.0230363533369,-0.0222735483764,-0.0238282877103,-0.0241148589293,-0.0238153000773,-0.0218066968927,-0.0266104119894,-0.0226068122519,-0.0266517760806,-0.0239029872642,-0.0226487644063,-0.0210264821204,-0.0179192822278,-0.0252617718935,-0.0210527812635,-0.0241994789165,-0.0237191818054,-0.020750562396,-0.0266523913642,-0.0261730914876,-0.0232174876481,-0.0202478920574,-0.0185613920029,-0.0239857655793,-0.0213733920911,-0.0233967727457,-0.0235840250105,-0.0223169898888,-0.0207243852998,-0.0198245153756,-0.0258431990364,-0.0242395943717,-0.0238065946711,-0.023674509482,-0.0243371333978,-0.0203576208527,-0.0216537649046,-0.0205060193691,-0.0310714813658,-0.0202134182103,-0.0260281944543,-0.0256972152611,-0.0207097208675,-0.0195192690125,-0.0229943015032,-0.0226857840261,-0.0228297539202,-0.0235238938882,-0.0205590216789,-0.0230460880454,-0.0218451458285,-0.018128287347,-0.025488817048,-0.0224551871177,-0.0221641607806,-0.0207726573501,-0.0228967697273,-0.0253022605819,-0.0204382574893,-0.0247647817687,-0.0218112740083,-0.0253679853986,-0.0201658734065,-0.0232770316594,-0.0196045081699,-0.0227760474557,-0.0224196365903,-0.0240029579023,-0.0222028194752,-0.0202048226256,-0.0229754558698,-0.0227250616636,-0.020598143638,-0.0249626382349,-0.0216618479476,-0.02302234356,-0.0227278782241,-0.0214710701374,-0.020601579692,-0.0201016027991,-0.0248199453241,-0.0238497235689,-0.0229227055509,-0.0174595637162,-0.0214315366345,-0.0235818328474,-0.0225669312378,-0.0265243662936,-0.0255522253066,-0.0246575150645,-0.0210360637625,-0.0182846347309
dip33_,-0.1019046443,-0.102507141054,-0.112101489597,-0.101708827802,-0.106613525844,-0.107327992809,-0.10588245365,-0.104061703936,-0.110159344259,-0.112521878984,-0.113059350685,-0.107333243566,-0.111816487741,-0.151288639825,-0.112496098626,-0.103249426317,-0.114682253065,-0.108547125353,-0.113964968753,-0.108656416906,-0.113375422314,-0.100015025097,-0.102165197492,-0.114962540507,-0.10738269792,-0.10916992588,-0.116221803643,-0.10386254037,-0.107526972676,-0.11770546031,-0.106170044866,-0.115169163641,-0.114420926588,-0.110793618868,-0.10499701157,-0.111471068043,-0.0989281696662,-0.108859690487,-0.111165495309,-0.117817715414,-0.117543271803,-0.0996187398284,-0.122594788303,-0.104441296522,-0.111524892881,-0.104027374909,-0.106770459963,-0.111719791019,-0.10400415976,-0.111185047272,-0.110168572376,-0.103864674198,-0.107574928747,-0.107866703557,-0.102185747571,-0.101718059677,-0.109187714727,-0.114558233812,-0.0982455109995,-0.112290789996,-0.114733785438,-0.109958158623,-0.109601673695,-0.106455146546,-0.120507895398,-0.109609677569,-0.108922585431,-0.114477208292,-0.105721294753,-0.121680679251,-0.104359921975,-0.111077890451,-0.101891354784,-0.109624890402,-0.106213763234,-0.118743702727,-0.105328381823,-0.10748184585,-0.114021766219,-0.12161303442,-0.10952078024,-0.105950798443,-0.108240294634,-0.119175522475,-0.108055427401,-0.114654224933,-0.124401136117,-0.108010564444,-0.1016742412,-0.101512457705,-0.108477259524,-0.127956856478,-0.102747199327,-0.12195240576,-0.158876562831,-0.114028406219,-0.112742460131,-0.113245132105,-0.117153807565,-0.103665541001,-0.124179678438,-0.111175524034,-0.110752062633,-0.129412637667,-0.110531341084,-0.107972592381,-0.115659234872,-0.109788519482,-0.101997602648,-0.117205414308,-0.109036859683,-0.110565568398,-0.114840032435,-0.115597260587,-0.106738511794,-0.099985195796,-0.104510622904,-0.106602013936,-0.107825159822,-0.114712673831,-0.110804486718,-0.119545668416,-0.110404072551,-0.116743661145,-0.102497556586,-0.104275068741,-0.114363890592,-0.103234211986,-0.101803398298,-0.118442403697,-0.106597695152,-0.11103175095,-0.109957171622,-0.10474676401,-0.11677862223,-0.120395662437,-0.112781367559,-0.114221764031,-0.101729291353,-0.112040966733,-0.101923076434,-0.113286233414,-0.116841739906,-0.107022212179,-0.108632492328,-0.113153125432,-0.110058735476,-0.108833340449,-0.108928306914,-0.111906850346,-0.109621822368,-0.114374641953,-0.119857085996,-0.110781219517,-0.114465776106,-0.108557488759,-0.0992934406453,-0.106533099307,-0.114091551194,-0.110927709757,-0.114962261618,-0.123898735708,-0.110991553004,-0.104074534826,-0.107854975636,-0.104154337066,-0.119149011366,-0.107073410188,-0.129557303905,-0.102439335697,-0.11320946758,-0.118028071475,-0.112069161152,-0.102421137834,-0.130051548324,-0.1092757765,-0.110361682108,-0.110121987837,-0.108501079392,-0.109904810271,-0.104899735562,-0.120425344354,-0.115252144857,-0.111698221765,-0.109038348884,-0.110004550493,-0.107969376641,-0.11822352734,-0.107880288587,-0.107751147057,-0.107635569097,-0.110130952655,-0.109728813786,-0.0973965890127,-0.105728134662,-0.111486856761,-0.112201948001,-0.110043546457,-0.111592178052,-0.109477487407,-0.107794053034
dip41_,0.00142238626926,0.00254192503915,-0.00153364191042,0.000428691286043,-0.00122489633701,0.00175060252846,0.00476669355024,-0.000331918084597,0.00260164074035,-0.00226219105449,-0.00181224112745,0.00235973098643,0.00460565385193,-0.00055237299163,-0.0024556365603,0.000593029597304,0.000955817435158,0.00170681455082,-0.00052834272922,0.000573660471598,0.00292368446863,0.00191705877575,-0.00125136789492,0.00160279769944,0.00186765344539,0.000263282091422,0.00170809340113,0.00251101849069,0.00305089310762,-0.00172859246274,0.00107884600578,0.00404177958,0.000273734525338,-0.00090577835554,0.00220053638624,-0.000809322756511,0.000414360498224,0.00052768875672,0.00252907046691,0.00156378640853,-0.00310041362926,-0.00155002351676,-0.000234043066,0.00167554795357,0.00083030936949,-0.000539585123331,0.00287756067076,0.000778238037369,0.00143245163022,-5.38603089988e-05,0.000179698152575,0.00128949317438,0.0026584479518,0.000948489292336,0.000455155572363,0.000242792795097,0.00165682395209,0.00259500677436,-0.000774729142491,0.00356178737471,-0.000114544155152,-0.00205753049363,-0.000630709066539,0.00021791631807,0.00498652580971,0.00206854300466,-0.000935891569189,-0.00049349226695,-0.000545090122167,0.0031216610067,0.000155592461821,-0.000383968235984,0.00167397950657,0.000606173422718,0.00278467463915,0.00206844266404,0.00257140745678,0.000762423025141,-0.00158872194551,4.42463530049e-05,0.000433435991428,0.00260333154552,0.0012241583785,0.00115290664518,-0.000142162292622,-0.00081331767529,0.0029213309957,-0.0017044174593,-0.000407883784482,0.000387018037253,4.22009256595e-07,0.0042522991413,-0.00207739959182,-0.00034577489268,0.00107290428532,0.00122366334879,0.00449355798039,0.000811795308491,4.1109258074e-05,-0.000808907054798,0.00366629404106,-0.00391881764734,-0.000271929659256,0.00131943131991,0.00118477361732,-0.000778960848256,0.00165080189582,-0.0016408312108,0.00113815330634,-0.000602070762101,-0.00021329600657,0.00429088453992,3.7465228527e-05,0.00277322181392,-0.00299100292181,-0.000949711305273,0.00114659641218,0.000554290298402,0.000393732205648,0.00330392123709,-0.00134319156371,-0.00118845367284,0.00225606942392,0.00194735833663,0.000406287907106,0.00201996603881,-0.00305032421401,0.00229964289134,-0.00250174286551,0.00226526511001,7.89016212766e-05,0.00306665981148,0.00158981039259,0.00116806003905,-0.000270362566181,0.0050700669944,0.00055016624115,0.0011741795658,-0.00161426780979,0.00153196735477,0.000526338547653,0.000948462112456,0.000102345253226,0.00198458310481,-0.00042142172495,-0.000218194426099,0.00202178117952,-0.000695089286245,0.00122790202258,0.000945710571183,0.00114940575123,0.00147874016232,-0.00216959451075,0.000589062366254,0.00199003088106,0.00411231905315,-0.00291099685685,0.00322231574458,0.00308305763105,-0.00134455434858,-7.0802113816e-05,-0.000801804376682,0.00194295954869,0.00170532787829,-7.2474985072e-05,0.000997541798757,0.00202026654371,0.000776647358967,-0.00122039282193,0.000701303747471,0.00229384685168,0.00245132300611,0.00209624221067,-0.0020548368198,0.00508358281943,0.000879514678606,-0.000301842662162,0.00110131777648,0.00173781001945,0.00366836418953,-8.83240686724e-05,0.00114457776414,0.00318734124559,0.000793139715266,0.00196762614786,0.000830421735736,0.00222003797359,0.00204865339934,-0.00220327966106,-0.00046071258464,0.0039710542404,-0.00184230369638,0.000530456683701,0.00498445918815,0.000845008642647,0.000603714949257,0.001859634779,-0.00348728478009,-0.00169971782922,0.00165939362563,0.00321267687446
dip42_,-0.0106793184739,-0.0104134287593,-0.00943169962048,-0.0119226481911,-0.0105959027468,-0.00951922607981,-0.0118437000922,-0.0103483772845,-0.0113968164413,-0.0118747952943,-0.0110416571394,-0.0106721454422,-0.010191548635,-0.0108460731349,-0.0102714808933,-0.0105498028094,-0.0114521664013,-0.010975916715,-0.00959273712639,-0.0107274256014,-0.0086839583888,-0.00944965550143,-0.010802791238,-0.0115346586423,-0.0112990685292,-0.00977994975598,-0.0114736636842,-0.0102755545109,-0.00968205014612,-0.0115096984886,-0.0102811314087,-0.0107707828805,-0.0122340338676,-0.0115194607677,-0.00993354828822,-0.0108785986413,-0.00993855118538,-0.0115592021481,-0.0109463754193,-0.0105508133805,-0.0103687506429,-0.00995003295582,-0.0102599982472,-0.00939714509236,-0.0104771315638,-0.0120030720573,-0.0107947831625,-0.0110289932913,-0.0111483083379,-0.0106586042489,-0.0102271757781,-0.0109757856359,-0.00993091656216,-0.0104342249832,-0.011711826629,-0.0108298230395,-0.0107237030966,-0.0111280638877,-0.0108733279013,-0.0106469555583,-0.010785297857,-0.010717838669,-0.0107506849711,-0.010552787311,-0.0105304732936,-0.00954609892374,-0.0100178939735,-0.0111278630199,-0.00888054102054,-0.0104760364153,-0.010739962118,-0.00995679868726,-0.0110023827721,-0.0106450744536,-0.00841190855122,-0.0115140186766,-0.0102855366539,-0.0103773903437,-0.0104061061743,-0.00994221956347,-0.0096276073788,-0.0119565581328,-0.0104669608164,-0.00968890837251,-0.0114849810127,-0.0098807552336,-0.0108157225667,-0.00919222691503,-0.010022935157,-0.0115033472753,-0.0115497408875,-0.0109849511398,-0.010208920239,-0.0107968104172,-0.0091401938356,-0.0115672538111,-0.0108910732339,-0.0114563441365,-0.0113908608448,-0.0110199329803,-0.00995894372237,-0.0100796354859,-0.0117725419842,-0.0108796222118,-0.010527139741,-0.00928011484755,-0.0115381465525,-0.0100536427062,-0.00953834912188,-0.0111132413768,-0.0101901930223,-0.0118202161459,-0.00998193579395,-0.00998748941133,-0.0106961041941,-0.0103014771149,-0.0100032402205,-0.0104812819591,-0.0102455186493,-0.00978051013365,-0.0107274964981,-0.0115633245215,-0.0106137877043,-0.0110999289154,-0.0106898885385,-0.0104615721028,-0.010838510762,-0.00937453824129,-0.0114696638943,-0.00838460292859,-0.0105569897064,-0.0108234973881,-0.0102842671743,-0.012088765516,-0.00958812009643,-0.0112496075625,-0.0111764960182,-0.0109700428155,-0.0102996047354,-0.0111094363659,-0.010925854939,-0.0105407616099,-0.00944765906683,-0.0113326840919,-0.0105109699799,-0.00896375963905,-0.010889199945,-0.0097163305199,-0.0109529962448,-0.0100994001706,-0.00998633634222,-0.0108331330442,-0.00939144605254,-0.0116728448033,-0.0109427576971,-0.0108413967522,-0.0109661698599,-0.0103859628845,-0.0115928821289,-0.00968398191265,-0.0110167006247,-0.0103191962383,-0.0109957692011,-0.0108690636001,-0.00930563267597,-0.00967544535381,-0.00949956745852,-0.00919345730677,-0.00977737269197,-0.0105237161412,-0.011016383769,-0.0111678308526,-0.0110226256422,-0.00944644161911,-0.0120438262514,-0.010451695365,-0.0113350699955,-0.0104590694971,-0.0106715869907,-0.0106910710733,-0.0102565895067,-0.0115933624833,-0.0101928454837,-0.0111850711053,-0.00975826435582,-0.0117096185273,-0.0102738194452,-0.0108663754993,-0.010985621556,-0.0118826188623,-0.00954382046206,-0.0101483924246,-0.010978479898,-0.0101652559436,-0.0105553171242,-0.00943821871611,-0.0100284428882,-0.010179478315,-0.00916874927164,-0.0116048326387,-0.0107597584607
dip50_,0.000115587481076,-1.28992056898e-05,-0.000150612680588,0.000252699899636,-0.000391039590624,-0.000692177537019,0.000202349197445,0.000170866806382,-0.000185329303028,-0.00015423969718,0.000170371363574,-0.000646079548622,-0.000737120251363,8.46970822566e-05,-0.00010264177059,0.000531813465777,-0.000275347945553,-0.000180404608024,1.79628951728e-05,0.00116533658536,0.000345381267794,-0.000126752333668,-0.000403672352173,3.49711804052e-05,0.000326979214546,0.000352439540737,-0.000395795418182,8.8502661148e-06,-0.000105023768115,0.000831755902588,-0.000166716091615,0.000888699887682,-3.44231082819e-05,0.000539059361983,0.000113623407763,-1.51545661539e-05,0.000673641845659,4.88972176166e-05,-0.000260856643061,0.000413416577296,0.000204420974661,0.000700358898654,6.76221333267e-05,-0.000469556094084,-0.000435401191688,-0.000252287309483,4.96890645214e-05,0.000773233861988,-0.000410121530492,0.000268713403566,0.000250137346779,0.000780046663203,-0.000278878438624,-0.000402595838021,0.000492643900934,0.000173034324771,0.000399827216443,3.05014849649e-05,-3.09790326872e-05,-0.000309436517593,-0.000106512505512,0.000604811421033,0.000149942147671,0.000236716596457,9.8897226189e-05,-0.000181877534505,-0.000320894592401,0.00128470950484,-0.000542306070655,0.000378215788427,-0.00054022087245,0.000758877637998,0.000540630644709,0.000634818211028,-0.000959516650501,-0.000184701443265,0.000499747924034,0.000126398044444,-0.000291118237094,-0.00010485510632,-0.000324946637808,-0.000145928019379,-0.00027743770233,0.00078224066363,0.000187418326669,-0.000456635851248,0.00021060101506,0.000947592661249,-0.000695924836403,0.000144591028156,0.000557184750638,6.79660561167e-05,0.000754127193485,-4.90583056943e-05,0.000540264906913,-0.000273156719877,-0.000189554036439,-0.000224191007557,0.000295101666552,-0.000637249983971,0.000354507742191,0.000103305048475,-0.000813001735291,-0.000144133894221,0.000242920160742,0.00100302518847,0.000181486026677,-5.42991316223e-05,-0.000177967855543,-0.000461025098322,0.000505490991653,0.000677813600174,0.000301042660894,-0.000195208943016,-0.000177019653688,-0.000766206417789,-0.000130322550742,0.000123387145497,0.000836924371348,0.000122100621515,-0.000355781688145,0.000452766741561,0.00029436239655,-0.000883159715379,0.000145038477475,-0.000414318659094,-0.000177780278522,0.000118937327758,0.00015243803058,0.000272907940958,5.9218710848e-05,-0.000525056800083,-0.000306248653565,0.000333502278097,0.00089489662083,-0.00028422046292,-7.90911775755e-05,0.000313184892064,0.00112266096789,0.0010602794189,0.000777192593605,0.000417879695806,-0.000199661470819,5.07875844085e-05,-4.13746909157e-05,0.000423506345064,-0.000305213904235,0.000409148258182,-0.000535226417129,-0.00015971349344,0.000164190245523,-0.000100373685341,0.00015493866189,0.000463265476466,0.000366857325624,0.00116641764187,-8.62014748357e-05,0.000391601228059,-0.000916552678421,0.000674708667029,5.8872552798e-05,0.000929991544411,-0.000342373527558,-0.000990684652748,-6.72218154305e-05,-0.000318513102586,-4.38184553779e-05,-0.000302899816774,4.28874015928e-05,0.000202248270383,-0.000417669937987,4.71506819109e-05,0.000492378700033,-0.000203670345089,0.000780259132827,1.22080696583e-05,-0.000736374930064,-0.00046363532565,-1.10656694394e-05,-0.000585257450557,0.00103233047868,-0.000307781619905,0.00103475701699,8.81572333064e-05,0.000472931542609,-9.98280823511e-06,-3.36574638289e-05,0.000582821313106,5.52189982085e-05,0.000109714127354,0.000171880553903,-0.00010858054419,0.00059014279945,-0.000434239572223,-0.000249037352535,-9.36087606662e-05,9.47526770735e-05,0.00093867169546,0.000446565719996,-0.000619201923636,0.000595401922427
dip60_,0.0190295019826,0.0220004576198,0.0209766783343,0.0212251438594,0.0211913370378,0.0199820851518,0.020649102526,0.0203442275383,0.0231403143777,0.0219654017875,0.0190920210435,0.0215888705461,0.0223278850428,0.0222819430595,0.0207154442578,0.0209432210737,0.0217365799185,0.0215390559589,0.020645851033,0.0224429886384,0.0222119987298,0.022854915085,0.0222629526033,0.0215779729401,0.022318663241,0.0218018587416,0.0219360172132,0.0209366182222,0.021996121586,0.0208949210025,0.0234639771971,0.0215098333795,0.0212155487383,0.0211178287456,0.02113759911,0.0203595556945,0.0210916340093,0.0199785175796,0.0213140308547,0.0225380120192,0.0213183258297,0.0216640624639,0.0220289806026,0.0217132020103,0.0227164738352,0.0213153505871,0.0240161627839,0.0227908211056,0.0200966239129,0.0235761610216,0.022147243587,0.0207093802612,0.0221282949935,0.0209212011212,0.0214886795107,0.0210531238879,0.0234135639329,0.0218767061867,0.0200772221595,0.0203396018478,0.0185720021721,0.0213487934211,0.0218703934959,0.0210528935136,0.0223436264368,0.0212002031,0.0208469830548,0.0234562123463,0.0230889191587,0.0228924889712,0.0214027771268,0.021163880549,0.0214194113658,0.0209404934212,0.0222399244122,0.0217423381174,0.021930614839,0.0214573986572,0.0208448177484,0.0215830092089,0.0212095138711,0.0214827659568,0.020109398672,0.022190933873,0.0199607849606,0.0212231701005,0.0212802142877,0.0209254597491,0.0208676673117,0.0209905683183,0.0225988658549,0.0220248121969,0.0200118677637,0.0211748400726,0.0219262227707,0.0210032035929,0.022036347088,0.0202163356806,0.0202720028052,0.0213514493379,0.0219712910969,0.0214133687073,0.0232802722392,0.0225866363687,0.0208127839607,0.021259517857,0.0215852259211,0.0217906197109,0.02046518845,0.0206971206193,0.0202275995259,0.021788774129,0.0216370735752,0.0215235869406,0.0210702426309,0.0223393584343,0.0192941037117,0.0226740965328,0.020795705642,0.0210550741675,0.0221152080688,0.0209768671034,0.02083288429,0.0198943319868,0.020260310093,0.0216294734337,0.0212525567036,0.0218867583046,0.022842209829,0.022374529361,0.0231398136134,0.0220685311826,0.0219135603238,0.0218408003865,0.0228246559959,0.0196551815898,0.0221136638484,0.0209021641464,0.0195907431189,0.0211526429696,0.0218363667892,0.0213499473709,0.0207639609876,0.0225357072194,0.021884692063,0.0225147438771,0.0217689926597,0.0222625303983,0.0222853070647,0.0223976460696,0.0238922556745,0.0212623258742,0.022017517769,0.0209295621387,0.0210938004264,0.0219851499652,0.0205634087158,0.0208014119244,0.0228967473924,0.0210217073301,0.019436980863,0.0234984581704,0.0204785797381,0.0199103214872,0.0203453420986,0.0188836275895,0.0215318993745,0.0196435216011,0.0223034177174,0.0207539806674,0.0219518322139,0.0216667126286,0.0218170245874,0.0217536457102,0.021892344492,0.0221951639594,0.021313977202,0.0208439537187,0.0206692049301,0.0226523263615,0.0199596186052,0.0217342186299,0.0224177518396,0.0204627021432,0.0207186040429,0.022451805064,0.0223332252691,0.0201442181902,0.022039542646,0.0219121915301,0.0194357797455,0.0205245979688,0.0227351404157,0.0209128489282,0.0212615529111,0.0214523837012,0.0215490363422,0.0219058248802,0.022530140946,0.0221172143124,0.0232381113238
dip70_,0.0412027751744,0.0476121956022,0.0449795590904,0.0312367734393,0.0405442900968,0.035606415853,0.0438680987106,0.0409541796937,0.0371042106928,0.0466852960643,0.0499367767293,0.0394423036427,0.0443868807528,0.0451287418394,0.0367559359119,0.0433032629238,0.0332888866285,0.0407230970657,0.0298303620294,0.0499691172537,0.0473995610159,0.038145963841,0.042530452551,0.0434419482376,0.0473782488013,0.0439894227777,0.0470762137227,0.0275949068784,0.0451462646655,0.0426758075124,0.0360715674492,0.0525439602316,0.0459349649567,0.0445109642243,0.0412807434011,0.0384583925509,0.0433146504246,0.0541379306151,0.0229094038521,0.0452084772444,0.0361051801104,0.0404042862091,0.0352889424737,0.0493945951248,0.0409683636257,0.0370421899,0.0440440665185,0.048023153523,0.0454620558284,0.0442178018251,0.0348333829417,0.0421869821106,0.0350803674292,0.0422186688291,0.0391974983478,0.0591245699985,0.035808019136,0.0446248949578,0.0397335652745,0.0457474055633,0.0331248642261,0.0532810982132,0.0474318697641,0.0393780177887,0.0352963250009,0.0481936367021,0.0388503851101,0.0397622273762,0.041700276554,0.040057250204,0.0524153654666,0.0380683459412,0.0504613275725,0.0479519915157,0.0540711378487,0.042740525903,0.0438755358701,0.0480081765553,0.0365131119133,0.03389359302,0.0367083966015,0.0438552999442,0.0403342330234,0.043676195673,0.0412861299616,0.0241330682428,0.0469830504575,0.0379331774025,0.0433634851086,0.0430931464161,0.0439806709565,0.036921509879,0.0556918344305,0.0297976609328,0.0460377994096,0.0385973649795,0.0543294764696,0.0558782392479,0.036828590457,0.0474773877074,0.0403367946793,0.0396492357707,0.0495176591475,0.0448506012729,0.048559582613,0.0368093218256,0.0500562088056,0.0471661238425,0.0441324569964,0.0345945497808,0.0287235967219,0.0366247980664,0.0572720901441,0.0580957240773,0.0356368943536,0.0377816788534,0.047979037411,0.0293210749877,0.0320600193122,0.0467003362089,0.039231112937,0.026190623001,0.0361573686349,0.0437777247663,0.0419035982606,0.0482216296892,0.0444267209855,0.0512474946437,0.0379839436243,0.0433046263459,0.0310765400947,0.04733485735,0.039962845045,0.0458834858312,0.0445855556471,0.0369199270836,0.0457820340302,0.0432893341179,0.0430525157897,0.0382241177023,0.0419785624962,0.0508974971202,0.0412592008424,0.0538693610477,0.0444291943523,0.0470484669953,0.0429547343488,0.0417519059382,0.0368506615775,0.0556811655551,0.0579283043581,0.0443475144492,0.0476773884326,0.0500985116207,0.0353245591076,0.0441970126985,0.0433527385913,0.0458218049573,0.0467614417405,0.0570999452613,0.0575213174775,0.049299225166,0.0478633249672,0.0482873146683,0.0548024445468,0.0440883138615,0.0273998607198,0.042367124141,0.0580447500682,0.0379359090332,0.0425544534142,0.036333698832,0.0412998880283,0.0361807780292,0.0459935851578,0.0332624856421,0.0372644393266,0.0509322748496,0.0544471408983,0.0531700084722,0.0375520411864,0.0427934705413,0.035193560642,0.0448598115785,0.0473085851889,0.0512538854092,0.0488118310683,0.0372120888267,0.0492311846937,0.0333014834165,0.0301617858846,0.0419284819612,0.0557381906269,0.047379105986,0.044249404463,0.0406409917659,0.0376136396269,0.0335266474014,0.0320837673205,0.0495449940535,0.0359867403535
female_,0.00820441719015,0.00853634212152,0.00838342637816,0.0079211500679,0.00843765600128,0.00863234176135,0.0085232111175,0.00879203840687,0.00853001314373,0.00861378470096,0.00851493624723,0.00827412448566,0.00904838888062,0.00807867502703,0.00876255935065,0.00863476268414,0.00853820742933,0.00835970833477,0.00830769816449,0.00868126250574,0.00898030276423,0.0091526806495,0.00814450387343,0.00865238857014,0.00901635918772,0.00824062155705,0.00836446309268,0.00858907784068,0.0089994107025,0.00867815838487,0.00841057447958,0.00849725246963,0.00829545081553,0.00875035394709,0.00863912792638,0.00848830969337,0.00887150866162,0.0081683585188,0.00824290829657,0.00873708546446,0.00830253548813,0.00841014223809,0.00832625644126,0.00843821898487,0.00863990019347,0.00893632568387,0.00874422707033,0.00877664834993,0.00849591928036,0.00853756802626,0.00866238721213,0.00889547049458,0.00879352898893,0.0087716976282,0.00862019916507,0.00856174193387,0.0090258799581,0.00886926830444,0.00858959392983,0.00859093714522,0.00877893080099,0.00910015333891,0.00856752497749,0.0085471336619,0.00867376292634,0.00812394787105,0.00833572552236,0.00871558803256,0.00859556275565,0.0088398156454,0.00878927069828,0.00876449281962,0.00868862665532,0.00870122976881,0.00834028792459,0.00812474463234,0.0084950458571,0.00887809111324,0.00896239650648,0.00838892590799,0.00909266855475,0.00831092905312,0.00881286197083,0.00898392347934,0.00874348139866,0.00817010600865,0.00875677153181,0.00876396421247,0.00847688661766,0.00832075015931,0.00821099969698,0.00841972695453,0.00869723156086,0.00862312569167,0.00882027322998,0.00860595382188,0.00896346717288,0.00883962455724,0.00846087122739,0.00869180164459,0.009061212993,0.00851493220763,0.00875946457852,0.0084567774746,0.00831761840849,0.00838037831933,0.00838901728521,0.00902926493837,0.00868377191507,0.00879675523244,0.00844420315142,0.00891960035369,0.00859145841218,0.00849026954151,0.00878383415434,0.00850056648126,0.00854124306461,0.00837294385943,0.0087683642652,0.00829336329707,0.00834727697512,0.00843725270329,0.00872987654398,0.00867935526753,0.00837535393336,0.00844859296183,0.00835927165788,0.0089244674414,0.00831301563468,0.00882330628403,0.00902170989084,0.00867709899505,0.00892578553471,0.00850879784216,0.00905006012948,0.00869300500872,0.00921144822566,0.00855589820227,0.00917953616175,0.00908893619555,0.00893729828174,0.00886832633813,0.0085941725166,0.00785294315938,0.00851125819575,0.00841933659971,0.00856090370877,0.0087977982852,0.00848605393326,0.00845460235634,0.00906283423016,0.00845340696046,0.00856439111992,0.00868178939257,0.00841554511692,0.00871420673222,0.00820227312388,0.00859553805694,0.00881768441764,0.00874129191223,0.00847540887641,0.00889105732671,0.00829698962681,0.00870823818035,0.00889576512964,0.00882509582986,0.00879662194463,0.00834226802146,0.00895698114612,0.0084956291589,0.00882623794401,0.00861295348932,0.00871770096733,0.00833538062338,0.00924744866518,0.00836329944076,0.00852825661756,0.008379004469,0.00888816513929,0.00921695159466,0.0090962837245,0.00837732933478,0.00890995498955,0.00854004595721,0.00881109594993,0.00882157730245,0.00907950844631,0.00854038227969,0.0087661360981,0.009074277457,0.00845608253794,0.00861922911393,0.00895701267883,0.00846992107492,0.00821105493821,0.00843236098677,0.00841079087977,0.00940626690652,0.00837265270467,0.00850139916698,0.0085402269679
enfants_,-0.0169278486852,-0.0168165018639,-0.0160046026871,-0.0169235304947,-0.0183870572814,-0.0180546218371,-0.0159553467192,-0.0246434976181,-0.01632813017,-0.0168630075238,-0.0251423200295,-0.0170115631733,-0.0189174626953,-0.0171002780457,-0.0176913286616,-0.0179500969966,-0.0184983438264,-0.0160354810888,-0.0244801993212,-0.0177857284431,-0.0170820546901,-0.0180610364536,-0.0169201798915,-0.0171429109824,-0.0168422990777,-0.0176850139928,-0.0163567597554,-0.0185656326652,-0.0182796140282,-0.0204494020713,-0.0219231178737,-0.0179726784034,-0.0176616445808,-0.017611129025,-0.0162467579826,-0.0241044786199,-0.0181109921539,-0.0247218501429,-0.0182430281902,-0.0181960272097,-0.0215241377202,-0.0171547017026,-0.019008788073,-0.0189187289366,-0.0179560399609,-0.0186472671988,-0.0178499125359,-0.018448865111,-0.0170481356243,-0.0232959109707,-0.0226797814401,-0.0189316100813,-0.0161341649957,-0.0185236180907,-0.0178091626574,-0.0249665870328,-0.0169458007199,-0.0182590069427,-0.0184267583237,-0.0187785439937,-0.0205691957074,-0.0191454121912,-0.0232793604861,-0.0176779287539,-0.0160882852005,-0.0162700964943,-0.0184560960563,-0.0173967548755,-0.0160644500741,-0.01695921686,-0.0189235953532,-0.0193942092581,-0.0190668540287,-0.0164798373943,-0.0163956565014,-0.0182171740709,-0.016363560356,-0.0180525719058,-0.0196216600511,-0.0150494980958,-0.0191527275915,-0.0190457403694,-0.0205329394573,-0.0196540410163,-0.023871931256,-0.0172074492152,-0.0169932642916,-0.0243326321698,-0.0178608444167,-0.0220081713656,-0.0190025028216,-0.018528713826,-0.0177305230692,-0.0167076824102,-0.0182176282183,-0.0161799856204,-0.01664571206,-0.0173013555487,-0.0189076528933,-0.0188026541003,-0.018226023244,-0.018240254191,-0.0176073633327,-0.0177772431805,-0.0178552650517,-0.0185945326822,-0.0182369214937,-0.0248253923216,-0.0172506927447,-0.0236604987142,-0.0169927229905,-0.0182258844641,-0.0185738199747,-0.017464228603,-0.0233351696107,-0.0227939184757,-0.018350273633,-0.0160089895171,-0.0189488916844,-0.0170928138152,-0.0226394644478,-0.0193756973935,-0.0177476713137,-0.0175186586791,-0.0180002205225,-0.0174381714485,-0.0191592946171,-0.0182496648963,-0.0235936233188,-0.0170440036683,-0.0169143665802,-0.0177041750163,-0.0191216106635,-0.0177042681338,-0.0164182627657,-0.018254249956,-0.0174978310819,-0.0166462324384,-0.0192229093962,-0.0178143416913,-0.0178840649918,-0.0185398603057,-0.0182823661307,-0.0160633936838,-0.0180037272389,-0.0256084524812,-0.0183704693644,-0.0168756002549,-0.0169704434434,-0.0176973096989,-0.0178714538214,-0.0187643728095,-0.0230968732683,-0.0198025931461,-0.0173156068802,-0.0179948943879,-0.0180029005986,-0.020066813051,-0.0154427688483,-0.0229093155401,-0.0178537243013,-0.017365197736,-0.0185806166046,-0.0186045128088,-0.0241984672374,-0.0197602691083,-0.0195168997852,-0.0172987616225,-0.022613957991,-0.0175237095374,-0.0165507585588,-0.0179982223854,-0.0177015414497,-0.0229328878342,-0.0170841575078,-0.016557616566,-0.0192283795817,-0.0181869553685,-0.0194045785322,-0.0196174450764,-0.0188123629967,-0.0179558334805,-0.0180399297176,-0.0188916265065,-0.0166458926388,-0.0178872052696,-0.0191037348341,-0.0184511673616,-0.0164683724484,-0.0207377265396,-0.0190082752311,-0.0187352089888,-0.0204929204564,-0.0181265138468,-0.0187263417178,-0.0185359416499,-0.0170322396605,-0.0242738645969,-0.0198153953348,-0.0165055347676,-0.0176678941396
region1_,0.00197373695944,0.00193861031972,0.00180803042069,0.00194020642967,0.00186225564844,0.00186992982652,0.00181048778441,0.00203470972022,0.00190061716046,0.0019131206834,0.00184298457297,0.00187371071413,0.00241288413612,0.00166745025251,0.00205508998436,0.00206582822454,0.00188847706527,0.00186491062043,0.00205042222816,0.00207357157731,0.00223544312615,0.00188655219892,0.00194252632308,0.00177988032057,0.00234127653956,0.00212618521961,0.00179702766644,0.00174240928592,0.00237486163391,0.00197813570199,0.00225079198841,0.00214133687733,0.00219491585425,0.00202916638049,0.00222875207104,0.00216623605122,0.00202440679147,0.00183034226575,0.00182023160154,0.00219824431242,0.00216894598293,0.00192746668966,0.00217196057262,0.00206066730285,0.00249826847785,0.00210506271947,0.00208642402664,0.0019034763938,0.00177674678268,0.00192972356003,0.00250403785335,0.00221916533486,0.00221861214051,0.00233396029201,0.00187896286428,0.00205191114119,0.00222736533375,0.00203341897266,0.00220075615653,0.00176773846496,0.00194489135898,0.0027032027045,0.00216183397053,0.00172405426002,0.00233208411068,0.00178889289709,0.00195980167953,0.00238692107497,0.00201811275047,0.00208168973628,0.0018130117906,0.00224873057948,0.00197547503181,0.00189116903798,0.00202159236353,0.00180124072485,0.00213478883228,0.00224359246977,0.00206210539683,0.00214930178365,0.00212146297291,0.00177370223309,0.00225869193821,0.002281174635,0.00189211174963,0.00171122921043,0.00199374246144,0.00238690304206,0.00204075820975,0.00233034865477,0.00198989372742,0.00204620909488,0.00224323838298,0.00199722803044,0.00224731541808,0.00206634391963,0.00228787728398,0.00228166301335,0.00203425471688,0.00193237685453,0.00247913870399,0.00202319625596,0.00208133738967,0.00203408083833,0.00192475312201,0.00200930478197,0.00197765781149,0.00226272392129,0.00201296938176,0.00192482475944,0.00201948557426,0.00192446749557,0.00212931299611,0.00221560151866,0.00174011809498,0.00200053931663,0.00212546194609,0.00232243591747,0.00203409787033,0.00186994455496,0.00161635089304,0.00213861023697,0.00211483808411,0.00201828471928,0.00197912867346,0.00186128686799,0.00185298998554,0.0023942366607,0.00174488757964,0.00219856725008,0.00206899804504,0.00227456512372,0.00235024929009,0.00191344808008,0.00216295468145,0.00193821253874,0.00236821405525,0.00194224735394,0.00221662600352,0.00220446085407,0.00229244595634,0.00234519924618,0.00197859346097,0.00223249717601,0.00228553455612,0.00228252448289,0.00204715811022,0.00218011431284,0.00202391005746,0.00193343504442,0.00252804057743,0.00181549202665,0.00206527964698,0.00218443509641,0.0019820848374,0.00220792282756,0.00198319461336,0.00204081061672,0.00177794366763,0.00237452953879,0.00189007453516,0.00306359178403,0.00186114913376,0.00203154455026,0.00204145092434,0.00193652909447,0.00227543442954,0.00200775188985,0.00190891514678,0.00193634613261,0.00242931961082,0.0022519335742,0.00223925994321,0.00194830190073,0.00198313782618,0.00202413112158,0.00203855159788,0.00213247953122,0.00208083340291,0.00176377983849,0.00226638189661,0.00208194434322,0.0023514750256,0.00208834843727,0.00197208938561,0.00205056019348,0.00195941189286,0.00193447729871,0.00192225476037,0.00247395297209,0.00197151344015,0.00193814382585,0.00206485264633,0.00194772095122,0.00203513466145,0.00219096349378,0.0023016503851,0.00245446811567,0.00240637068639,0.00193496894231,0.00204880693791
region2_,-0.0200903730686,-0.018396433816,-0.0150843886757,-0.0166046097092,-0.0144730070334,-0.0147203585883,-0.010864876164,-0.0161124444951,-0.0151621781485,-0.0150243763976,-0.0140289989037,-0.0159905501658,-0.02056853172,-0.01559317987,-0.0191124322609,-0.016118583758,-0.0185133413459,-0.0135694395111,-0.0148697545137,-0.0187841418491,-0.013512686009,-0.0165912266087,-0.0189390703939,-0.0166410309811,-0.015619944439,-0.0174226759949,-0.0138524999293,-0.0159250164001,-0.0183170407016,-0.0139990261323,-0.0155922296554,-0.0156770841242,-0.0191246002683,-0.014436771909,-0.0188710222926,-0.0110694535258,-0.0178653154562,-0.0173044186965,-0.0149057541276,-0.0203620160554,-0.0188716236681,-0.016211651127,-0.0174069040553,-0.0164243369523,-0.0180887677671,-0.0159330010053,-0.0151752153379,-0.018434066159,-0.0130294347415,-0.0171811549394,-0.0212712833788,-0.0184335979486,-0.0168796235069,-0.0182730893018,-0.0162611187746,-0.0143950770134,-0.0169271178243,-0.0169534006634,-0.0158820242109,-0.0145605333985,-0.0140643910135,-0.0165825720069,-0.0142049860638,-0.0177487240238,-0.0178425816989,-0.0152898955857,-0.0166633498845,-0.017801069961,-0.0182783123124,-0.0189999071739,-0.0153223792059,-0.0198065271276,-0.0190292545716,-0.0155220288567,-0.0138550740834,-0.0145952378881,-0.0191982743005,-0.0185371258541,-0.0168806842591,-0.0166611566005,-0.0193110372625,-0.0142496829925,-0.0182973865324,-0.0168299585363,-0.0138232966181,-0.0152754989413,-0.0148219434542,-0.0160700343568,-0.017190526346,-0.0183067705404,-0.0186226727651,-0.015254546972,-0.0180400133226,-0.0139960182249,-0.0153580114125,-0.0170119721428,-0.0187629110327,-0.0197454689569,-0.0190024721974,-0.0183424853596,-0.0158492047685,-0.0190456540225,-0.0164791660584,-0.0133410392839,-0.0173386017804,-0.0175848986161,-0.0158303009423,-0.0179989040984,-0.0188112791598,-0.0161993804031,-0.0192002557126,-0.0155225724075,-0.0187591603589,-0.0160047803643,-0.0184970291724,-0.0159069394479,-0.0146743522789,-0.022330511504,-0.0132119204898,-0.01683263752,-0.0158200143081,-0.0195024118557,-0.0179166798877,-0.0175774317423,-0.0166249572836,-0.0163017152066,-0.0162919839701,-0.0165517525371,-0.0175922540771,-0.017599180709,-0.0152915417554,-0.0179276835913,-0.01600372876,-0.0142053417305,-0.0147012670198,-0.0143404929269,-0.0188698718315,-0.0160836122632,-0.0179015413984,-0.0148669113729,-0.0180875523765,-0.0181421082397,-0.0140017439662,-0.0161775743737,-0.0202822941791,-0.0205284412591,-0.0168284566422,-0.014597477335,-0.0197013067408,-0.0201501386962,-0.0152878126373,-0.015419660728,-0.0134952817126,-0.0214779635202,-0.0148874821953,-0.0145027615249,-0.0151107610903,-0.0135583734516,-0.016362848865,-0.0137346657762,-0.0148636823014,-0.0188483056699,-0.0153406144639,-0.0173858952991,-0.0142257027283,-0.0117727513078,-0.0168603739028,-0.0165611701594,-0.0168347081825,-0.0171915633432,-0.0212973958397,-0.0179864398706,-0.0182235341589,-0.0149457502457,-0.0173093631423,-0.0163746050735,-0.0203044008275,-0.0153502468051,-0.0169402483529,-0.0155924753462,-0.0212722989568,-0.0180931974682,-0.0171054663211,-0.0167996022257,-0.0143454182943,-0.0176003655938,-0.0159584762892,-0.017783731129,-0.0132059551228,-0.0146162716095,-0.0153099364924,-0.0180968923333,-0.0174385268483,-0.0156450920332,-0.018255249834,-0.0213426152628,-0.0155549969837,-0.0151468974042,-0.0162353710171,-0.0168898148221,-0.0149585034689
domtom_,-0.0036260881585,-0.00493064550352,-0.0082727421326,-0.00460760910845,-0.00417625133012,-0.0055536077541,-0.00350854457145,-0.0018943459761,-0.00365932719676,-0.00294475586319,-0.00314112862516,-0.00125071581298,-0.00229121807722,-0.0072319598572,-0.00460092731857,-0.00483494274285,-0.00230174693549,-0.00339965379747,-0.00110053625322,-0.00137030042343,-0.00327944206655,-0.00520291594782,-0.00307018369367,-0.00395511443689,-0.00187669877158,-0.00322301821787,-0.00289347793763,-0.00503573036548,-0.00199328443163,-0.0043099364079,-0.00582431345148,-0.00167648953297,-0.00509017144227,-0.00239654510618,-0.00360274027592,-0.00909306001484,-0.00447293724014,-0.0096988379982,-0.00484165072537,-0.00254357640801,-0.00695992487164,-0.00501926759237,-0.00539681448993,-0.00631311720719,-0.00381399558109,-0.00230358478864,-0.00776201461437,-0.00783475083547,-0.00583321764292,-0.00333931471365,-0.00396943447571,-0.00832229644217,-0.00422898940348,-0.00531624272732,-0.00340492190074,-0.00213456565552,-0.00144282287782,-0.00305159148903,-0.00260226996583,-0.00465701456174,-0.00565668340645,-0.00532546103536,-0.00211407808031,-0.0038599950186,-0.00126216598775,-0.00335582501684,-0.00365103923505,-0.00184490897604,-0.00368681820854,-0.00396482390068,-0.00676205075069,-0.00103680167136,-0.00225929469821,-0.00681815717975,-0.00581827706973,-0.00630019994973,-0.00324922692725,-0.00878548853667,-0.00188705671306,-0.00774647064665,-0.00765251135922,-0.00339187028084,-0.00677534796305,-0.00323986805254,-0.00614670689698,-0.00570828105027,-0.00389789020599,-0.00376949164713,-0.00731211741982,-0.00571656755168,-0.00290902571031,-0.00173418694638,-0.00792289788477,-0.0026976896136,-0.00435639356291,-0.00666483763785,-0.00384085475157,-0.00608514983523,-0.00214680104465,-0.00390745655797,-0.00364979017286,-0.0061116675138,-0.00578658501488,-0.00199050204092,-0.00385783214051,-0.00426354761813,-0.00147612020974,-0.00208562029808,-0.00127339610829,-0.00815036938769,-0.00255766865152,-0.00865392714649,-0.00473659408048,-0.00244586356728,-0.00664783716442,-0.00471490118388,-0.00290793154904,-0.00750718107852,-0.00289496456593,-0.00291650671572,-0.0034428812049,-0.00394446754344,-0.00243329874009,-0.00218528833098,-0.00635441542089,-0.00572931136305,-0.00458552505335,-0.00397005748358,-0.00282649207122,-0.0011809626865,-0.006368017704,-0.00100514479932,-0.0024985479552,-0.00399317961515,-0.00363497115291,-0.0073533482448,-0.00266323258374,-0.0030020347161,-0.00146556488182,-0.0038614275536,-0.00251092724506,-0.00590132190637,-0.00628190990295,-0.00491148323039,-0.00291795550532,-0.000393249691943,-0.00266009078691,-0.0044490841997,-0.00289397929343,-0.00651729021865,-0.00569599981955,-0.00425253156622,-0.0048679141991,-0.0049675263551,-0.00299698802394,-0.00407728895319,-0.00494471410601,-0.00276205381197,-0.0039724722003,-0.00196459311376,-0.00141464199926,-0.00461252529674,-0.00327543893355,-0.00539428299618,-0.00353459332128,-0.00642308015744,-0.00160878341084,-0.00773295508596,-0.00318281237203,-0.00294472439495,-0.00631740175871,-0.0027982308633,-0.0027205502946,-0.00321457788861,-0.00432122739607,-0.00307457092069,-0.0063372448516,-0.00407402441064,-0.00243267407917,-0.00241372735649,-0.00231231712115,-0.00540718376596,-0.002385137045,-0.00494053460876,-0.00528428262152,-0.00486029779774,-0.00200742513,-0.00307011656198,-0.00265395034353,-0.00125506248763,-0.00365490622675,-0.00456105068183,-0.000837265510403,-0.00224331160355,-0.00509695576812,-0.00390906977833,-0.00392110292926,-0.00443829011568,-0.0036210708668,-0.00453440119096,-0.00116496824344
